{"loss": [3.38234281539917, 2.4704506397247314, 2.4508450031280518, 2.441662549972534, 2.396397829055786, 2.3189356327056885, 2.2298567295074463, 2.242690086364746, 2.100311517715454, 2.061114549636841, 1.9619086980819702, 1.858263373374939, 1.7669917345046997], "accuracy": [0.10220994800329208, 0.08701657503843307, 0.12430939078330994, 0.1422652006149292, 0.15331491827964783, 0.1671270728111267, 0.24447514116764069, 0.2734806537628174, 0.2928176820278168, 0.32596686482429504, 0.3618784546852112, 0.3977900445461273, 0.4613259732723236], "val_loss": [2.4602904319763184, 2.4296793937683105, 2.3383896350860596, 2.36114764213562, 2.3499176502227783, 2.2385172843933105, 2.2215943336486816, 2.2308382987976074, 2.2769501209259033, 2.2614657878875732, 2.193251371383667, 2.2695860862731934, 2.225111961364746], "val_accuracy": [0.046875, 0.0625, 0.15625, 0.1875, 0.15625, 0.1875, 0.28125, 0.3125, 0.25, 0.328125, 0.34375, 0.28125, 0.328125]}