{"loss": [2.449819803237915, 2.294200897216797, 2.0610077381134033, 1.7877576351165771, 1.5355409383773804, 1.4471274614334106, 1.3797601461410522, 1.1909199953079224, 1.124056339263916, 1.0234570503234863, 0.974412739276886, 0.9269838333129883, 0.8369112610816956], "accuracy": [0.17080152034759521, 0.41477271914482117, 0.4857954680919647, 0.5265151262283325, 0.5610465407371521, 0.5807692408561707, 0.5990384817123413, 0.6482558250427246, 0.6669847369194031, 0.7061068415641785, 0.7054924368858337, 0.7318702340126038, 0.7566794157028198], "val_loss": [2.3513221740722656, 2.115530252456665, 1.837730884552002, 1.5855932235717773, 1.4629058837890625, 1.3952550888061523, 1.4160341024398804, 1.2952135801315308, 1.1249051094055176, 1.302009105682373, 1.3274165391921997, 1.3560128211975098, 1.3746062517166138], "val_accuracy": [0.4895833432674408, 0.59375, 0.53125, 0.5625, 0.5833333134651184, 0.5833333134651184, 0.6145833134651184, 0.6145833134651184, 0.6875, 0.5729166865348816, 0.59375, 0.5729166865348816, 0.6145833134651184]}