{"loss": [3.2441892623901367, 2.472266912460327, 2.4477202892303467, 2.4043452739715576, 2.3609511852264404, 2.31829833984375, 2.247950792312622, 2.176274538040161, 2.084441900253296, 2.0499119758605957, 1.9682151079177856, 1.7945936918258667, 1.6883955001831055], "accuracy": [0.09732824563980103, 0.1049618348479271, 0.14885495603084564, 0.1736641228199005, 0.18320611119270325, 0.19847328960895538, 0.22900763154029846, 0.28816795349121094, 0.3272900879383087, 0.3206106722354889, 0.3492366373538971, 0.4198473393917084, 0.45038166642189026], "val_loss": [2.4796180725097656, 2.4722864627838135, 2.437495708465576, 2.3648664951324463, 2.3277032375335693, 2.2897074222564697, 2.254626989364624, 2.2286622524261475, 2.2304975986480713, 2.19496750831604, 2.1739885807037354, 2.213693857192993, 2.2016565799713135], "val_accuracy": [0.0729166641831398, 0.1041666641831398, 0.1666666716337204, 0.2083333283662796, 0.21875, 0.15625, 0.2708333432674408, 0.2395833283662796, 0.28125, 0.2708333432674408, 0.3333333432674408, 0.3125, 0.3125]}