{"loss": [2.4838552474975586, 2.107038974761963, 1.905318021774292, 1.6872713565826416, 1.5085147619247437, 1.36482572555542, 1.2438392639160156, 1.0783149003982544, 0.9674820899963379, 0.947669506072998, 0.8759538531303406, 0.8769009113311768, 0.809315025806427], "accuracy": [0.17843511700630188, 0.2729007601737976, 0.35877862572669983, 0.4379771053791046, 0.5095419883728027, 0.5515267252922058, 0.572519063949585, 0.6459923386573792, 0.6784350872039795, 0.6650763154029846, 0.7070610523223877, 0.7080152630805969, 0.732824444770813], "val_loss": [2.1992368698120117, 1.9997011423110962, 1.8723033666610718, 1.769518256187439, 1.693416953086853, 1.659128189086914, 1.5779725313186646, 1.5771751403808594, 1.577720284461975, 1.5600866079330444, 1.5421348810195923, 1.543366551399231, 1.5412663221359253], "val_accuracy": [0.28125, 0.3125, 0.4479166567325592, 0.4375, 0.4791666567325592, 0.5104166865348816, 0.4895833432674408, 0.5208333134651184, 0.5833333134651184, 0.5729166865348816, 0.5833333134651184, 0.53125, 0.5625], "lr": 0.0010000000474974513}