{"loss": [2.5796592235565186, 2.2589995861053467, 2.0762593746185303, 1.868417501449585, 1.664016842842102, 1.4744036197662354, 1.2701005935668945, 1.1169378757476807, 0.9452341198921204, 0.9187003970146179, 0.7805102467536926, 0.7012618184089661, 0.6681684851646423], "accuracy": [0.15883977711200714, 0.22928176820278168, 0.3038673996925354, 0.35497236251831055, 0.450276255607605, 0.5276243090629578, 0.5828729271888733, 0.6519337296485901, 0.6933701634407043, 0.6809391975402832, 0.7569060921669006, 0.7638121843338013, 0.7790055274963379], "val_loss": [2.359429121017456, 2.201230049133301, 2.0505638122558594, 1.97182035446167, 1.851358413696289, 1.8356506824493408, 1.9442195892333984, 1.7912960052490234, 1.8069323301315308, 1.7017759084701538, 1.5860322713851929, 1.817368745803833, 1.9052658081054688], "val_accuracy": [0.171875, 0.265625, 0.296875, 0.3125, 0.390625, 0.375, 0.375, 0.46875, 0.4375, 0.46875, 0.484375, 0.453125, 0.390625], "lr": 0.0010000000474974513}