{"loss": [2.472524881362915, 2.159224271774292, 1.8648194074630737, 1.659728765487671, 1.4985471963882446, 1.311212182044983, 1.1881986856460571, 1.1164087057113647, 0.9259395599365234, 0.8041903376579285, 0.6908588409423828, 0.6242163777351379, 0.5120519399642944], "accuracy": [0.19561068713665009, 0.25667938590049744, 0.37595421075820923, 0.432251900434494, 0.5085877776145935, 0.5763359069824219, 0.5944656729698181, 0.6345419883728027, 0.6841602921485901, 0.732824444770813, 0.7805343270301819, 0.7919847369194031, 0.830152690410614], "val_loss": [2.290593147277832, 2.0130455493927, 1.8160219192504883, 1.7083320617675781, 1.5508570671081543, 1.508334755897522, 1.6631346940994263, 1.5047944784164429, 1.5067297220230103, 1.509267807006836, 1.552596092224121, 1.5082169771194458, 1.585619568824768], "val_accuracy": [0.1875, 0.3229166567325592, 0.4375, 0.4791666567325592, 0.46875, 0.5104166865348816, 0.53125, 0.5, 0.5416666865348816, 0.5625, 0.53125, 0.5729166865348816, 0.5625], "lr": 0.0010000000474974513}