{"loss": [2.4583680629730225, 2.3333263397216797, 2.161900281906128, 1.9150798320770264, 1.7329304218292236, 1.6018919944763184, 1.349348545074463, 1.3581295013427734, 1.1948621273040771, 1.2060065269470215, 1.1436080932617188, 1.0106266736984253, 1.0050914287567139], "accuracy": [0.14166666567325592, 0.3404255211353302, 0.41956523060798645, 0.49791666865348816, 0.5148935914039612, 0.5043478012084961, 0.59375, 0.592391312122345, 0.6244680881500244, 0.6184782385826111, 0.6468085050582886, 0.6864583492279053, 0.6815217137336731], "val_loss": [2.368375062942505, 2.188504457473755, 1.950518250465393, 1.6822829246520996, 1.491072654724121, 1.3293699026107788, 1.2843033075332642, 1.2581859827041626, 1.202449917793274, 1.3136857748031616, 1.2347893714904785, 1.2388592958450317, 1.2779814004898071], "val_accuracy": [0.4479166567325592, 0.5, 0.53125, 0.59375, 0.625, 0.5729166865348816, 0.6041666865348816, 0.6145833134651184, 0.65625, 0.5729166865348816, 0.625, 0.6041666865348816, 0.59375]}