{"loss": [2.458232879638672, 2.3191027641296387, 2.0398976802825928, 1.7396106719970703, 1.6231586933135986, 1.448722004890442, 1.34986412525177, 1.1832523345947266, 1.0988593101501465, 1.1298578977584839, 0.882175862789154, 0.8278120756149292, 0.8611469268798828], "accuracy": [0.1307251900434494, 0.3206106722354889, 0.4007633626461029, 0.5056818127632141, 0.5182692408561707, 0.5634469985961914, 0.6003788113594055, 0.6477272510528564, 0.6650763154029846, 0.6660305261611938, 0.7376893758773804, 0.739503800868988, 0.7336538434028625], "val_loss": [2.3554394245147705, 2.0854909420013428, 1.7888797521591187, 1.6533769369125366, 1.449294090270996, 1.3843578100204468, 1.3183698654174805, 1.2342902421951294, 1.3468230962753296, 1.2263156175613403, 1.2334626913070679, 1.3607996702194214, 1.196642279624939], "val_accuracy": [0.3958333432674408, 0.4479166567325592, 0.5104166865348816, 0.5, 0.6041666865348816, 0.6145833134651184, 0.6041666865348816, 0.6145833134651184, 0.6145833134651184, 0.6041666865348816, 0.625, 0.6145833134651184, 0.6458333134651184]}