{"loss": [2.5061066150665283, 2.4100217819213867, 2.3432116508483887, 2.247295618057251, 2.1551849842071533, 2.1067264080047607, 1.9676754474639893, 1.9157205820083618, 1.836763858795166, 1.7824159860610962], "accuracy": [0.10227272659540176, 0.1306818127632141, 0.18129219114780426, 0.2339015156030655, 0.23915140330791473, 0.282545804977417, 0.32575756311416626, 0.32007575035095215, 0.37029895186424255, 0.40909090638160706], "val_loss": [2.4524056911468506, 2.2645838260650635, 2.264777421951294, 2.107774496078491, 2.1864864826202393, 2.120058059692383, 1.8864096403121948, 1.9061870574951172, 1.9022316932678223, 1.8548355102539062], "val_accuracy": [0.1666666716337204, 0.2395833283662796, 0.1770833283662796, 0.2604166567325592, 0.2083333283662796, 0.2604166567325592, 0.3020833432674408, 0.3125, 0.34375, 0.34375]}