{"loss": [2.4640519618988037, 2.3519890308380127, 2.167717933654785, 2.0347230434417725, 1.9304364919662476, 1.7983542680740356, 1.67422354221344, 1.5950591564178467, 1.4627410173416138, 1.3870422840118408, 1.2860018014907837, 1.1893916130065918, 1.035753846168518], "accuracy": [0.10070344060659409, 0.17549055814743042, 0.2402813732624054, 0.30507218837738037, 0.333950400352478, 0.38578304648399353, 0.4324324429035187, 0.46427249908447266, 0.49129951000213623, 0.5227693319320679, 0.564605712890625, 0.5916327238082886, 0.6349500417709351], "val_loss": [2.404024839401245, 2.2133359909057617, 2.084810733795166, 2.0119049549102783, 1.9267096519470215, 1.791459560394287, 1.762818455696106, 1.779806137084961, 1.8132078647613525, 1.8276903629302979, 1.924234390258789, 1.8786797523498535, 2.02908992767334], "val_accuracy": [0.1215277761220932, 0.21875, 0.2777777910232544, 0.2708333432674408, 0.3333333432674408, 0.3888888955116272, 0.4097222089767456, 0.3819444477558136, 0.3888888955116272, 0.3854166567325592, 0.3958333432674408, 0.375, 0.3923611044883728]}