{"loss": [2.490633964538574, 2.4383606910705566, 2.288951873779297, 2.169194459915161, 2.09381365776062, 2.0331623554229736, 1.967220425605774, 1.8494083881378174, 1.703142762184143, 1.6047567129135132, 1.5491342544555664, 1.4546432495117188, 1.301689863204956], "accuracy": [0.08396946638822556, 0.11832061409950256, 0.20515267550945282, 0.24618320167064667, 0.2929389178752899, 0.3062977194786072, 0.3215648829936981, 0.3664122223854065, 0.4293893277645111, 0.459923654794693, 0.4770992398262024, 0.5114504098892212, 0.5534350872039795], "val_loss": [2.4837417602539062, 2.3877933025360107, 2.3157296180725098, 2.214400291442871, 2.2148797512054443, 2.175640821456909, 2.1607415676116943, 2.1592772006988525, 2.0694940090179443, 2.1850690841674805, 2.099611282348633, 2.2267987728118896, 2.2098915576934814], "val_accuracy": [0.1041666641831398, 0.1458333283662796, 0.1458333283662796, 0.1875, 0.2083333283662796, 0.2291666716337204, 0.2395833283662796, 0.25, 0.25, 0.2708333432674408, 0.3541666567325592, 0.2291666716337204, 0.25]}