{"loss": [2.474302291870117, 2.4267306327819824, 2.3473081588745117, 2.284738540649414, 2.1940810680389404, 2.106017589569092, 2.0238664150238037, 1.9232324361801147, 1.853043556213379, 1.809290885925293, 1.7342700958251953, 1.6957181692123413, 1.6280558109283447], "accuracy": [0.10514624416828156, 0.1414290964603424, 0.182895228266716, 0.2073306143283844, 0.2469455748796463, 0.27841541171073914, 0.29433542490005493, 0.3346908688545227, 0.3628285825252533, 0.3846723437309265, 0.41132915019989014, 0.41910403966903687, 0.43983709812164307], "val_loss": [2.4442298412323, 2.403343439102173, 2.283291816711426, 2.1803717613220215, 2.251652717590332, 1.9746687412261963, 1.956247091293335, 1.81423819065094, 1.820570468902588, 1.8210701942443848, 1.7482470273971558, 1.7296873331069946, 1.72684907913208], "val_accuracy": [0.1666666716337204, 0.2048611044883728, 0.1909722238779068, 0.2569444477558136, 0.25, 0.3333333432674408, 0.3229166567325592, 0.3923611044883728, 0.3715277910232544, 0.3715277910232544, 0.4375, 0.4131944477558136, 0.4201388955116272]}